{
  "intents": [
    {
      "slots": [
        {
          "name": "NPC",
          "type": "LIST_OF_NPCS"
        }
      ],
      "intent": "BirthdayIntent"
    },
    {
      "slots": [
        {
          "name": "NPC",
          "type": "LIST_OF_NPCS"
        },
        {
          "name": "Preference",
          "type": "LIST_OF_PREFERENCES"
        }
      ],
      "intent": "GiftIntent"
    },
    {
      "slots":[
        {
          "name": "Preference",
          "type": "LIST_OF_PREFERENCES"
        }
      ],
      "intent": "UniversalIntent"
    },
    {
      "intent": "AMAZON.HelpIntent"
    }
  ]
}