[
	{
		"season" : "Spring",
		"days" : {
			"1" : "There are no events today.",
			"2" : "There are no events today.",
			"3" : "There are no events today.",
			"4" : "Today is Kent's birthday.",
			"5" : "There are no events today.",
			"6" : "There are no events today.",
			"7" : "Today is Mayor Lewis's birthday.",
			"8" : "There are no events today.",
			"9" : "There are no events today.",
			"10" : "Today is Vincent's birthday.",
			"11" : "There are no events today.",
			"12" : "Tomorrow is the Egg Festival in the Pelican Town Square.",
			"13" : "Today is the Egg Festival in the Pelican Town Square. The festival starts at 9 am. You must find at least 9 eggs to win!",
			"14" : "Today is Haley's birthday.",
			"15" : "There are no events today.",
			"16" : "There are no events today.",
			"17" : "There are no events today.",
			"18" : "Today is Pam's birthday.",
			"19" : "There are no events today.",
			"20" : "Today is Shane's birthday.",
			"21" : "There are no events today.",
			"22" : "There are no events today.",
			"23" : "Tomorrow is the Flower Dance held in Cindersap Forest.",
			"24" : "Today is the Flower Dance held in Cindersap Forest at 9 am.",
			"25" : "There are no events today.",
			"26" : "Today is Pierre's birthday.",
			"27" : "Today is Emily's birthday.",
			"28" : "There are no events today."
		}
	},
	{
		"season" : "Summer",
		"days" : {
			"1" : "There are no events today.",
			"2" : "There are no events today.",
			"3" : "There are no events today.",
			"4" : "Today is Jas's birthday.",
			"5" : "There are no events today.",
			"6" : "There are no events today.",
			"7" : "There are no events today.",
			"8" : "Today is Gus's birthday.",
			"9" : "There are no events today.",
			"10" : "Today is Maru's birthday. Tomorrow the Luau will be held at The Beach.",
			"11" : "Today is the Luau held at The Beach at 9 am. Bring something good to contribute like Gold quality Truffle, Large Milk, or Starfruit for the best response.",
			"12" : "There are no events today.",
			"13" : "Today is Alex's birthday.",
			"14" : "There are no events today.",
			"15" : "There are no events today.",
			"16" : "There are no events today.",
			"17" : "Today is Sam's birthday.",
			"18" : "There are no events today.",
			"19" : "Today is Demetrius's birthday.",
			"20" : "There are no events today.",
			"21" : "There are no events today.",
			"22" : "Today is The Dwarf's birthday.",
			"23" : "There are no events today.",
			"24" : "Today is Willy's birthday.",
			"25" : "There are no events today.",
			"26" : "There are no events today.",
			"27" : "Tomorrow is the Dance of the Moonlight Jellies event held at The Beach.",
			"28" : "Today is the Dance of the Moonlight Jellies event held at The Beach at 10 pm."
		}
	},
	{
		"season" : "Fall",
		"days" : {
			"1" : "There are no events today.",
			"2" : "Today is Penny's birthday.",
			"3" : "There are no events today.",
			"4" : "There are no events today.",
			"5" : "Today is Elliott's birthday.",
			"6" : "There are no events today.",
			"7" : "There are no events today.",
			"8" : "There are no events today.",
			"9" : "In one week, the Stardew Valley Fair will be held in Pelican Town Square.",
			"10" : "There are no events today.",
			"11" : "Today is Jodi's birthday.",
			"12" : "There are no events today.",
			"13" : "Today is Abigail's birthday. The Stardew Valley Fair will occur in three days.",
			"14" : "There are no events today.",
			"15" : "Today is Sandy's birthday. Tomorrow is the Stardew Valley Fair.",
			"16" : "Today is the Stardew Valley Fair held in the Pelican Town Square. The Fair starts at 9 am.",
			"17" : "There are no events today.",
			"18" : "Today is Marnie's birthday.",
			"19" : "There are no events today.",
			"20" : "There are no events today.",
			"21" : "Today is Robin's birthday.",
			"22" : "There are no events today.",
			"23" : "There are no events today.",
			"24" : "Today is George's birthday.",
			"25" : "There are no events today.",
			"26" : "There are no events today.",
			"27" : "Tomorrow is the Spirit's Eve festival held in The Pelican Square.",
			"28" : "Today is the Spirit's Eve festival held in The Pelican Square at 10 pm."
		}
	},
	{
		"season" : "Winter",
		"days" : {
			"1" : "Today is Krobus's birthday.",
			"2" : "Today is Linus's birthday.",
			"3" : "There are no events today.",
			"4" : "There are no events today.",
			"5" : "There are no events today.",
			"6" : "There are no events today.",
			"7" : "Today is Caroline's birthday. Tomorrow is the Festival of Ice held at Cindersap Forest.",
			"8" : "Today is the Festival of Ice held at Cindersap Forest. The Festival starts at 9 am. You must catch at least 5 fish to win!",
			"9" : "There are no events today.",
			"10" : "Today is Sebastian's birthday.",
			"11" : "There are no events today.",
			"12" : "There are no events today.",
			"13" : "There are no events today.",
			"14" : "Today is Harvey's birthday.",
			"15" : "There are no events today.",
			"16" : "There are no events today.",
			"17" : "Today is The Wizard's birthday.",
			"18" : "There are no events today.",
			"19" : "There are no events today.",
			"20" : "Today is Evelyn's birthday.",
			"21" : "There are no events today.",
			"22" : "There are no events today.",
			"23" : "Today is Leah's birthday.",
			"24" : "Tomorrow is the Feast of the Winter Star held in the Pelican Town Square. Be sure to have your secret partner's gift!",
			"25" : "Today is the Feast of the Winter Star held in the Pelican Town Square. The event starts at 9 am.",
			"26" : "Today is Clint's birthday.",
			"27" : "There are no events today.",
			"28" : "There are no events today."
		}
	}
]